,reference,Kourami,Kourami_wrong_calls,HLA-LA,HLA-LA_wrong_calls,Optitype,Optitype_wrong_calls,Hisatgenotype,Hisatgenotype_wrong_calls,STC-seq_wrong_calls,sample_id
0,"[['B*40:02'], ['B*27:51', 'B*27:03', 'B*27:09', 'B*27:52']]","[['B*27:05'], ['B*40:02']]",1,"[['B*27:05'], ['B*40:02']]",1,"[['B*40:02'], ['B*27:05']]",1,"[['B*27:05'], ['B*40:02']]",1,1,NA11832
1,"[['B*27:03'], ['B*57:01']]","[['B*57:01'], ['B*27:05']]",1,"[['B*27:05'], ['B*57:01']]",1,"[['B*57:01'], ['B*27:05']]",1,"[['B*27:05'], ['B*57:01']]",1,1,NA11840
2,"[['B*07:02'], ['B*27:52', 'B*27:03', 'B*27:09']]","[['B*07:02'], ['B*27:05']]",1,"[['B*27:05'], ['B*07:02']]",1,"[['B*27:05'], ['B*07:02']]",1,"[['B*07:02'], ['B*27:05']]",1,1,NA12005
3,"[['B*40:01'], ['B*40:01']]","[['B*35:03'], ['B*40:01']]",1,"[['B*35:03'], ['B*40:01']]",1,"[['B*35:03'], ['B*40:01']]",1,"[['B*40:01'], ['B*35:03']]",1,2,NA12058
4,"[['C*03:04'], ['C*03:04']]","[['C*03:04'], ['C*04:01']]",1,"[['C*03:04'], ['C*04:01']]",1,"[['C*03:04'], ['C*04:01']]",1,"[['C*03:04'], ['C*04:01']]",1,2,NA12058
5,"[['C*15:02'], ['C*06:02']]","[['C*15:02'], ['C*06:06']]",1,"[['C*06:06'], ['C*15:02']]",1,"[['C*15:02'], ['C*06:06']]",1,"[['C*15:02'], ['C*06:06']]",1,1,NA12156
6,"[['B*40:01'], [None]]","[['B*44:02'], ['B*40:01']]",1,"[['B*40:01'], ['B*44:02']]",1,"[['B*40:01'], ['B*44:02']]",1,"[['B*40:01'], ['B*44:02']]",1,1,NA12249
7,"[['B*15:03', 'B*15:01'], ['B*15:12', 'B*15:26', 'B*15:01']]","[['B*15:01'], ['B*51:01']]",1,"[['B*15:01'], ['B*51:01']]",1,"[['B*51:01'], ['B*15:01']]",1,"[['B*15:01'], ['B*51:01']]",1,0,NA12287
8,"[['DRB1*13:02'], ['DRB1*13:02']]","[['DRB1*13:02'], ['DRB1*08:04']]",1,"[['DRB1*08:04'], ['DRB1*13:02']]",1,,0,"[['DRB1*13:02'], ['DRB1*08:04']]",1,1,NA18507
9,"[['DRB1*15:03'], ['DRB1*13:01']]","[['DRB1*13:02'], ['DRB1*15:03']]",1,"[['DRB1*13:02'], ['DRB1*15:03']]",1,,0,"[['DRB1*15:03'], ['DRB1*13:02']]",1,2,NA19093
10,"[['B*07:02'], ['B*39:03']]","[['B*07:02'], ['B*39:24']]",1,"[['B*07:02'], ['B*39:24']]",1,"[['B*07:02'], ['B*39:24']]",1,"[['B*07:02'], ['B*39:24']]",1,1,NA19116
11,"[['DQB1*06:05'], ['DQB1*04:02']]","[['DQB1*06:09'], ['DQB1*04:02']]",1,"[['DQB1*04:02'], ['DQB1*06:09']]",1,,0,"[['DQB1*06:09'], ['DQB1*04:02']]",1,1,NA19116
12,"[['DRB1*08:04'], ['DRB1*08:04']]","[['DRB1*13:03'], ['DRB1*08:04']]",1,"[['DRB1*08:04'], ['DRB1*13:03']]",1,,0,"[['DRB1*08:04'], ['DRB1*13:03']]",1,1,NA19130
13,"[['A*66:02'], ['A*68:02']]","[['A*66:03'], ['A*68:02']]",1,"[['A*25:18'], ['A*68:02']]",1,"[['A*68:02'], ['A*66:03']]",1,"[['A*66:03'], ['A*68:02']]",1,2,NA19131
14,"[['DQB1*06:05'], ['DQB1*03:01']]","[['DQB1*06:09'], ['DQB1*03:01']]",1,"[['DQB1*03:01'], ['DQB1*06:09']]",1,,0,"[['DQB1*06:09'], ['DQB1*03:01']]",1,1,NA19138
15,"[['DQB1*06:03'], ['DQB1*06:05']]","[['DQB1*06:03'], ['DQB1*06:09']]",1,"[['DQB1*06:03'], ['DQB1*06:09']]",1,,0,"[['DQB1*06:03'], ['DQB1*06:09']]",1,1,NA19141
16,"[['DRB1*13:35'], ['DRB1*07:01']]","[['DRB1*13:177'], ['DRB1*07:01']]",1,"[['DRB1*07:01'], ['DRB1*13:177']]",1,,0,"[['DRB1*07:01'], ['DRB1*13:177']]",1,1,NA19159
17,"[['DQB1*06:05'], ['DQB1*03:01']]","[['DQB1*06:09'], ['DQB1*03:01']]",1,"[['DQB1*03:01'], ['DQB1*06:09']]",1,,0,"[['DQB1*06:09'], ['DQB1*03:01']]",1,1,NA19171
18,"[['DRB1*11:04'], ['DRB1*03:02']]","[['DRB1*11:01'], ['DRB1*03:02']]",1,"[['DRB1*03:02'], ['DRB1*11:01']]",1,,0,"[['DRB1*11:01'], ['DRB1*03:02']]",1,1,NA19206
19,"[['DRB1*13:01'], ['DRB1*13:01']]","[['DRB1*13:01'], ['DRB1*12:01']]",1,"[['DRB1*12:01'], ['DRB1*13:01']]",1,,0,"[['DRB1*12:01'], ['DRB1*13:01']]",1,1,NA19239
20,"[['DQB1*03:01'], ['DQB1*06:02']]","[['DQB1*03:01'], ['DQB1*03:01']]",1,"[['DQB1*03:01'], ['DQB1*03:01']]",1,,0,"[['DQB1*03:01'], ['DQB1*03:01']]",1,1,NA19319
21,"[['A*02:10'], ['A*02:06']]","[['A*02:10'], ['A*02:10']]",1,"[['A*02:10'], ['A*02:06']]",0,"[['A*02:10'], ['A*02:10']]",1,"[['A*02:10'], ['A*02:10']]",1,1,HG00610
22,"[['A*11:02'], ['A*11:02']]","[['A*11:02'], ['A*11:50']]",1,"[['A*11:50'], ['A*11:02']]",1,"[['A*11:02'], ['A*11:02']]",0,"[['A*11:02'], ['A*11:50']]",1,0,HG00625
23,"[['B*40:04'], ['B*40:04']]","[['B*40:02'], ['B*40:04']]",1,"[['B*40:04'], ['B*40:02']]",1,"[['B*40:04'], ['B*40:02']]",1,"[['B*40:02'], ['B*40:04']]",1,1,HG01124
24,"[['B*44:03'], ['B*44:03']]","[['B*44:03'], ['B*40:02']]",1,"[['B*40:02'], ['B*44:03']]",1,"[['B*40:02'], ['B*44:03']]",1,"[['B*44:03'], ['B*40:02']]",1,1,HG01389
