	DQB1	DQB1-Kourami	DQB1-Kourami_miscalls	DQB1-HLA-LA	DQB1-HLA-LA_miscalls	DQB1-Hisatgenotype	DQB1-Hisatgenotype_miscalls	DQB1-STC-seq	DQB1-STC-seq_miscalls	DQB1-consensus_miscall	mean_depth	Ethnic Group	DQB1-most_frequent
HG00403	[['DQB1*03:01', 'DQB1*03:22', 'DQB1*03:09', 'DQB1*03:24', 'DQB1*03:21', 'DQB1*03:19'], ['DQB1*06:02']]	[['DQB1*06:02'], ['DQB1*06:02']]	1	[['DQB1*06:02'], ['DQB1*03:01']]	0	[['DQB1*06:02'], ['DQB1*06:02']]	1	[['DQB1*06:02'], ['DQB1*06:02']]	1	3	75.21	EAS	['DQB1*03:01', 'DQB1*06:02']
HG00404	[['DQB1*03:01', 'DQB1*03:22', 'DQB1*03:09', 'DQB1*03:24', 'DQB1*03:21', 'DQB1*03:19'], ['DQB1*03:01', 'DQB1*03:22', 'DQB1*03:09', 'DQB1*03:24', 'DQB1*03:21', 'DQB1*03:19']]	[['DQB1*03:01'], ['DQB1*03:01']]	0	[['DQB1*03:01'], ['DQB1*03:01']]	0	[['DQB1*03:01'], ['DQB1*03:01']]	0	[['DQB1*03:01'], ['DQB1*03:01']]	0	2	105.61	EAS	['DQB1*03:01', 'DQB1*03:01']
HG00406	[['DQB1*05:01'], ['DQB1*05:02']]	[['DQB1*05:01'], ['DQB1*05:01']]	1	[['DQB1*05:01'], ['DQB1*05:02']]	0	[['DQB1*05:02'], ['DQB1*05:01']]	0		2	1	119.94	EAS	['DQB1*05:01', 'DQB1*05:02']
HG00407	[['DQB1*05:02'], ['DQB1*06:02']]	[['DQB1*05:01'], ['DQB1*05:01']]	2	[['DQB1*05:02'], ['DQB1*06:146']]	1	[['DQB1*05:02'], ['DQB1*05:02']]	1		2	4	74.47	EAS	['DQB1*05:02', 'DQB1*06:02']
HG00418	[['DQB1*03:01', 'DQB1*03:22', 'DQB1*03:09', 'DQB1*03:24', 'DQB1*03:21', 'DQB1*03:19'], ['DQB1*03:01', 'DQB1*03:22', 'DQB1*03:09', 'DQB1*03:24', 'DQB1*03:21', 'DQB1*03:19']]		2	[['DQB1*03:157'], ['DQB1*03:103']]	2	[['DQB1*03:01'], ['DQB1*03:10']]	1		2	5	100.14	EAS	['DQB1*03:01', 'DQB1*03:01']
HG00419	[['DQB1*03:03'], ['DQB1*06:01']]	[['DQB1*03:03'], ['DQB1*06:01']]	0	[['DQB1*03:03'], ['DQB1*06:01']]	0	[['DQB1*03:03'], ['DQB1*06:01']]	0	[['DQB1*06:01'], ['DQB1*06:01']]	1	1	154.5	EAS	['DQB1*03:03', 'DQB1*06:01']
HG00421	[['DQB1*02:04', 'DQB1*02:02', 'DQB1*02:01'], ['DQB1*03:03']]	[['DQB1*03:112'], ['DQB1*02:01']]	1	[['DQB1*02:01'], ['DQB1*03:03']]	0	[['DQB1*03:03'], ['DQB1*02:02']]	0		2	1	80.09	EAS	['DQB1*02:01', 'DQB1*03:03']
HG00422	[['DQB1*03:02'], ['DQB1*06:01']]		2	[['DQB1*06:01'], ['DQB1*03:02']]	0	[['DQB1*06:01'], ['DQB1*06:01']]	1		2	3	83.19	EAS	['DQB1*03:02', 'DQB1*06:01']
HG00427	[['DQB1*03:01', 'DQB1*03:22', 'DQB1*03:09', 'DQB1*03:24', 'DQB1*03:21', 'DQB1*03:19'], ['DQB1*03:01', 'DQB1*03:22', 'DQB1*03:09', 'DQB1*03:24', 'DQB1*03:21', 'DQB1*03:19']]		2	[['DQB1*03:01'], ['DQB1*03:01']]	0	[['DQB1*03:01'], ['DQB1*03:01']]	0		2	2	133.29	EAS	['DQB1*03:01', 'DQB1*03:01']
HG00428	[['DQB1*02:04', 'DQB1*02:02', 'DQB1*02:01'], ['DQB1*03:01', 'DQB1*03:22', 'DQB1*03:09', 'DQB1*03:24', 'DQB1*03:21', 'DQB1*03:19']]	[['DQB1*02:39'], ['DQB1*02:39']]	2	[['DQB1*02:01'], ['DQB1*03:183']]	1	[['DQB1*02:62'], ['DQB1*02:02']]	1		2	4	87.08	EAS	['DQB1*02:01', 'DQB1*03:01']
HG00436	[['DQB1*03:03'], ['DQB1*05:03']]	[['DQB1*03:17'], ['DQB1*03:03']]	1	[['DQB1*03:03'], ['DQB1*05:03']]	0	[['DQB1*03:03'], ['DQB1*05:03']]	0		2	1	141.52	EAS	['DQB1*03:03', 'DQB1*05:03']
HG00437	[['DQB1*04:01'], ['DQB1*06:01']]		2	[['DQB1*06:01'], ['DQB1*04:01']]	0	[['DQB1*06:01'], ['DQB1*06:01']]	1	[['DQB1*06:100'], ['DQB1*06:100']]	2	3	104.08	EAS	['DQB1*04:01', 'DQB1*06:01']
HG00442	[['DQB1*03:02'], ['DQB1*05:02']]		2	[['DQB1*05:02'], ['DQB1*03:168']]	1	[['DQB1*05:02'], ['DQB1*05:97']]	1		2	4	95.4	EAS	['DQB1*03:02', 'DQB1*05:02']
HG00443	[['DQB1*03:01', 'DQB1*03:22', 'DQB1*03:09', 'DQB1*03:24', 'DQB1*03:21', 'DQB1*03:19'], ['DQB1*06:01']]		2	[['DQB1*06:01'], ['DQB1*03:01']]	0	[['DQB1*06:01'], ['DQB1*06:01']]	1		2	3	73.7	EAS	['DQB1*03:01', 'DQB1*06:01']
HG00445	[['DQB1*05:01'], ['DQB1*05:02']]		2	[['DQB1*05:02'], ['DQB1*05:02']]	1	[['DQB1*05:02'], ['DQB1*05:97']]	1		2	4	84.61	EAS	['DQB1*05:01', 'DQB1*05:02']
HG00446	[['DQB1*03:01', 'DQB1*03:22', 'DQB1*03:09', 'DQB1*03:24', 'DQB1*03:21', 'DQB1*03:19'], ['DQB1*05:02']]		2	[['DQB1*05:02'], ['DQB1*03:157']]	1	[['DQB1*03:04'], ['DQB1*05:02']]	1		2	4	88.59	EAS	['DQB1*03:01', 'DQB1*05:02']
HG00448	[['DQB1*03:01', 'DQB1*03:22', 'DQB1*03:09', 'DQB1*03:24', 'DQB1*03:21', 'DQB1*03:19'], ['DQB1*05:02']]	[['DQB1*05:02'], ['DQB1*05:05']]	1	[['DQB1*05:02'], ['DQB1*03:01']]	0	[['DQB1*05:02'], ['DQB1*05:02']]	1		2	2	84.3	EAS	['DQB1*03:01', 'DQB1*05:02']
HG00449	[['DQB1*05:02'], ['DQB1*06:01']]		2	[['DQB1*06:01'], ['DQB1*05:02']]	0	[['DQB1*06:01'], ['DQB1*05:02']]	0		2	2	124.7	EAS	['DQB1*05:02', 'DQB1*06:01']
HG00451	[['DQB1*03:01', 'DQB1*03:22', 'DQB1*03:09', 'DQB1*03:24', 'DQB1*03:21', 'DQB1*03:19'], ['DQB1*03:01', 'DQB1*03:22', 'DQB1*03:09', 'DQB1*03:24', 'DQB1*03:21', 'DQB1*03:19']]		2	[['DQB1*03:01'], ['DQB1*03:01']]	0	[['DQB1*03:01'], ['DQB1*03:01']]	0		2	2	85.52	EAS	['DQB1*03:01', 'DQB1*03:01']
HG00452	[['DQB1*03:01', 'DQB1*03:22', 'DQB1*03:09', 'DQB1*03:24', 'DQB1*03:21', 'DQB1*03:19'], ['DQB1*05:01']]	[['DQB1*05:01'], ['DQB1*03:01']]	0	[['DQB1*05:01'], ['DQB1*03:01']]	0	[['DQB1*05:01'], ['DQB1*05:01']]	1	[['DQB1*03:22'], ['DQB1*03:22']]	1	2	123.89	EAS	['DQB1*03:01', 'DQB1*05:01']
HG00457	[['DQB1*03:03'], ['DQB1*06:01']]	[['DQB1*06:139'], ['DQB1*06:01']]	1	[['DQB1*06:01'], ['DQB1*03:03']]	0	[['DQB1*06:01'], ['DQB1*06:01']]	1		2	2	98.63	EAS	['DQB1*03:03', 'DQB1*06:01']
HG00458	[['DQB1*03:02'], ['DQB1*03:03']]		2	[['DQB1*03:02'], ['DQB1*03:03']]	0	[['DQB1*03:03'], ['DQB1*03:03']]	1		2	3	95.5	EAS	['DQB1*03:02', 'DQB1*03:03']
HG00463	[['DQB1*03:03'], ['DQB1*03:01', 'DQB1*03:22', 'DQB1*03:09', 'DQB1*03:24', 'DQB1*03:21', 'DQB1*03:19']]		2	[['DQB1*03:52'], ['DQB1*03:03']]	1	[['DQB1*03:95'], ['DQB1*03:03']]	1		2	4	77.99	EAS	['DQB1*03:03', 'DQB1*03:01']
HG00464	[['DQB1*03:02'], ['DQB1*06:01']]		2	[['DQB1*06:01'], ['DQB1*03:02']]	0	[['DQB1*03:180'], ['DQB1*06:01']]	1		2	3	76.91	EAS	['DQB1*03:02', 'DQB1*06:01']
HG00472	[['DQB1*03:02'], ['DQB1*05:03']]	[['DQB1*03:15'], ['DQB1*06:66']]	2	[['DQB1*03:02'], ['DQB1*05:03']]	0	[['DQB1*03:02'], ['DQB1*05:03']]	0		2	2	92.16	EAS	['DQB1*03:02', 'DQB1*05:03']
HG00473	[['DQB1*02:04', 'DQB1*02:02', 'DQB1*02:01'], ['DQB1*03:03']]	[['DQB1*03:03'], ['DQB1*02:01']]	0	[['DQB1*02:01'], ['DQB1*03:03']]	0	[['DQB1*02:01'], ['DQB1*03:03']]	0		2	0	110.76	EAS	['DQB1*02:01', 'DQB1*03:03']
HG00475	[['DQB1*05:03'], ['DQB1*06:01']]	[['DQB1*05:03'], ['DQB1*06:01']]	0	[['DQB1*06:01'], ['DQB1*05:03']]	0	[['DQB1*06:01'], ['DQB1*05:03']]	0	[['DQB1*05:09'], ['DQB1*06:54']]	2	0	94.7	EAS	['DQB1*05:03', 'DQB1*06:01']
HG00476	[['DQB1*03:03'], ['DQB1*03:01', 'DQB1*03:22', 'DQB1*03:09', 'DQB1*03:24', 'DQB1*03:21', 'DQB1*03:19']]		2	[['DQB1*03:03'], ['DQB1*03:01']]	0	[['DQB1*03:01'], ['DQB1*03:03']]	0		2	2	109.99	EAS	['DQB1*03:03', 'DQB1*03:01']
HG00478	[['DQB1*03:03'], ['DQB1*05:02']]	[['DQB1*05:02'], ['DQB1*03:03']]	0	[['DQB1*05:02'], ['DQB1*03:03']]	0	[['DQB1*03:03'], ['DQB1*05:02']]	0		2	0	100.32	EAS	['DQB1*03:03', 'DQB1*05:02']
HG00479	[['DQB1*03:03'], ['DQB1*06:02']]		2	[['DQB1*06:02'], ['DQB1*03:03']]	0	[['DQB1*03:03'], ['DQB1*06:02']]	0	[['DQB1*06:02'], ['DQB1*06:11']]	1	3	103.67	EAS	['DQB1*03:03', 'DQB1*06:02']
HG00500	[['DQB1*03:03'], ['DQB1*03:01', 'DQB1*03:22', 'DQB1*03:09', 'DQB1*03:24', 'DQB1*03:21', 'DQB1*03:19']]		2	[['DQB1*03:12'], ['DQB1*03:01']]	1	[['DQB1*03:03'], ['DQB1*03:10']]	1		2	4	75.94	EAS	['DQB1*03:03', 'DQB1*03:01']
HG00501	[['DQB1*03:02'], ['DQB1*06:01']]	[['DQB1*06:153'], ['DQB1*06:140']]	2	[['DQB1*03:02'], ['DQB1*06:01']]	0	[['DQB1*03:25'], ['DQB1*06:01']]	1		2	3	82.61	EAS	['DQB1*03:02', 'DQB1*06:01']
HG00512	[['DQB1*06:01'], ['DQB1*06:01']]	[['DQB1*06:01'], ['DQB1*06:01']]	0	[['DQB1*06:01'], ['DQB1*06:01']]	0	[['DQB1*06:01'], ['DQB1*06:01']]	0		2	0	112.58	EAS	['DQB1*06:01', 'DQB1*06:01']
HG00513	[['DQB1*05:03'], ['DQB1*06:01']]	[['DQB1*05:03'], ['DQB1*06:01']]	0	[['DQB1*06:01'], ['DQB1*05:03']]	0	[['DQB1*05:03'], ['DQB1*05:03']]	1	[['DQB1*05:09'], ['DQB1*05:09']]	2	1	97.8	EAS	['DQB1*05:03', 'DQB1*06:01']
HG00524	[['DQB1*03:03'], ['DQB1*06:01']]	[['DQB1*06:45'], ['DQB1*03:03']]	1	[['DQB1*03:03'], ['DQB1*06:01']]	0	[['DQB1*03:03'], ['DQB1*06:01']]	0		2	1	121.12	EAS	['DQB1*03:03', 'DQB1*06:01']
HG00525	[['DQB1*03:03'], ['DQB1*06:01']]	[['DQB1*06:01'], ['DQB1*06:01']]	1	[['DQB1*06:01'], ['DQB1*03:03']]	0	[['DQB1*03:03'], ['DQB1*06:01']]	0		2	1	92.89	EAS	['DQB1*03:03', 'DQB1*06:01']
HG00530	[['DQB1*06:01'], ['DQB1*06:01']]		2	[['DQB1*06:01'], ['DQB1*06:01']]	0	[['DQB1*06:01'], ['DQB1*06:01']]	0		2	2	85.29	EAS	['DQB1*06:01', 'DQB1*06:01']
HG00531	[['DQB1*03:01', 'DQB1*03:22', 'DQB1*03:09', 'DQB1*03:24', 'DQB1*03:21', 'DQB1*03:19'], ['DQB1*06:02']]		2	[['DQB1*03:01'], ['DQB1*06:48']]	1	[['DQB1*03:01'], ['DQB1*06:02']]	0		2	3	124.87	EAS	['DQB1*03:01', 'DQB1*06:02']
HG00533	[['DQB1*06:01'], ['DQB1*06:02']]	[['DQB1*06:51'], ['DQB1*06:51']]	2	[['DQB1*06:02'], ['DQB1*06:01']]	0	[['DQB1*06:112'], ['DQB1*06:78']]	2		2	4	88.14	EAS	['DQB1*06:01', 'DQB1*06:02']
HG00534	[['DQB1*03:03'], ['DQB1*03:03']]		2	[['DQB1*03:03'], ['DQB1*03:03']]	0	[['DQB1*03:03'], ['DQB1*03:03']]	0		2	2	102.27	EAS	['DQB1*03:03', 'DQB1*03:03']
HG00536	[['DQB1*03:03'], ['DQB1*03:01', 'DQB1*03:22', 'DQB1*03:09', 'DQB1*03:24', 'DQB1*03:21', 'DQB1*03:19']]		2	[['DQB1*03:01'], ['DQB1*03:03']]	0	[['DQB1*03:01'], ['DQB1*03:195']]	1	[['DQB1*03:01'], ['DQB1*03:22']]	1	4	118.76	EAS	['DQB1*03:03', 'DQB1*03:01']
HG00537	[['DQB1*03:03'], ['DQB1*04:01']]	[['DQB1*04:01'], ['DQB1*04:01']]	1	[['DQB1*04:01'], ['DQB1*03:03']]	0	[['DQB1*03:03'], ['DQB1*04:01']]	0	[['DQB1*03:06'], ['DQB1*03:06']]	2	1	104.11	EAS	['DQB1*03:03', 'DQB1*04:01']
HG00542	[['DQB1*03:03'], ['DQB1*06:09']]		2	[['DQB1*06:09'], ['DQB1*03:03']]	0	[['DQB1*03:03'], ['DQB1*06:09']]	0		2	2	103.59	EAS	['DQB1*03:03', 'DQB1*06:09']
HG00543	[['DQB1*03:03'], ['DQB1*06:02']]		2	[['DQB1*03:03'], ['DQB1*06:02']]	0	[['DQB1*06:02'], ['DQB1*03:03']]	0		2	2	120.48	EAS	['DQB1*03:03', 'DQB1*06:02']
HG00556	[['DQB1*03:03'], ['DQB1*03:01', 'DQB1*03:22', 'DQB1*03:09', 'DQB1*03:24', 'DQB1*03:21', 'DQB1*03:19']]	[['DQB1*03:03'], ['DQB1*03:01']]	0	[['DQB1*03:01'], ['DQB1*03:03']]	0	[['DQB1*03:01'], ['DQB1*03:03']]	0		2	0	125.4	EAS	['DQB1*03:03', 'DQB1*03:01']
HG00557	[['DQB1*05:01'], ['DQB1*05:03']]	[['DQB1*05:01'], ['DQB1*05:03']]	0	[['DQB1*05:01'], ['DQB1*05:03']]	0	[['DQB1*05:01'], ['DQB1*05:03']]	0		2	0	94.31	EAS	['DQB1*05:01', 'DQB1*05:03']
HG00559	[['DQB1*02:04', 'DQB1*02:02', 'DQB1*02:01'], ['DQB1*03:03']]	[['DQB1*03:03'], ['DQB1*02:01']]	0	[['DQB1*03:03'], ['DQB1*02:01']]	0	[['DQB1*03:03'], ['DQB1*02:01']]	0	[['DQB1*03:03'], ['DQB1*03:03']]	1	1	84.0	EAS	['DQB1*02:01', 'DQB1*03:03']
HG00560	[['DQB1*06:01'], ['DQB1*06:02']]	[['DQB1*06:02'], ['DQB1*06:01']]	0	[['DQB1*06:01'], ['DQB1*06:02']]	0	[['DQB1*06:02'], ['DQB1*06:01']]	0	[['DQB1*06:01'], ['DQB1*06:02']]	0	2	82.46	EAS	['DQB1*06:01', 'DQB1*06:02']
HG00565	[['DQB1*05:02'], ['DQB1*05:02']]	[['DQB1*05:02'], ['DQB1*05:02']]	0	[['DQB1*05:02'], ['DQB1*03:11']]	1	[['DQB1*05:02'], ['DQB1*05:02']]	0	[['DQB1*05:02'], ['DQB1*05:02']]	0	3	63.93	EAS	['DQB1*05:02', 'DQB1*05:02']
HG00566	[['DQB1*02:04', 'DQB1*02:02', 'DQB1*02:01'], ['DQB1*03:03']]	[['DQB1*03:03'], ['DQB1*02:01']]	0	[['DQB1*03:03'], ['DQB1*02:01']]	0	[['DQB1*02:01'], ['DQB1*03:03']]	0	[['DQB1*02:01'], ['DQB1*03:03']]	0	2	50.71	EAS	['DQB1*02:01', 'DQB1*03:03']
HG00580	[['DQB1*02:04', 'DQB1*02:02', 'DQB1*02:01'], ['DQB1*06:01']]	[['DQB1*02:01'], ['DQB1*06:01']]	0	[['DQB1*02:01'], ['DQB1*06:01']]	0	[['DQB1*02:02'], ['DQB1*06:01']]	0		2	0	83.0	EAS	['DQB1*02:01', 'DQB1*06:01']
HG00581	[['DQB1*03:01', 'DQB1*03:22', 'DQB1*03:09', 'DQB1*03:24', 'DQB1*03:21', 'DQB1*03:19'], ['DQB1*06:02']]		2	[['DQB1*03:01'], ['DQB1*06:02']]	0	[['DQB1*06:02'], ['DQB1*06:107']]	1		2	3	93.1	EAS	['DQB1*03:01', 'DQB1*06:02']
HG00583	[['DQB1*03:02'], ['DQB1*03:01', 'DQB1*03:22', 'DQB1*03:09', 'DQB1*03:24', 'DQB1*03:21', 'DQB1*03:19']]		2	[['DQB1*03:153'], ['DQB1*03:01']]	1	[['DQB1*03:91'], ['DQB1*03:01']]	1		2	4	80.84	EAS	['DQB1*03:02', 'DQB1*03:01']
HG00584	[['DQB1*03:01', 'DQB1*03:22', 'DQB1*03:09', 'DQB1*03:24', 'DQB1*03:21', 'DQB1*03:19'], ['DQB1*06:02']]	[['DQB1*03:01'], ['DQB1*06:02']]	0	[['DQB1*03:01'], ['DQB1*06:02']]	0	[['DQB1*06:02'], ['DQB1*06:107']]	1		2	1	90.72	EAS	['DQB1*03:01', 'DQB1*06:02']
HG00589	[['DQB1*03:01', 'DQB1*03:22', 'DQB1*03:09', 'DQB1*03:24', 'DQB1*03:21', 'DQB1*03:19'], ['DQB1*06:01']]	[['DQB1*03:01'], ['DQB1*06:01']]	0	[['DQB1*06:01'], ['DQB1*03:01']]	0	[['DQB1*03:01'], ['DQB1*06:01']]	0		2	0	78.77	EAS	['DQB1*03:01', 'DQB1*06:01']
HG00590	[['DQB1*03:01', 'DQB1*03:22', 'DQB1*03:09', 'DQB1*03:24', 'DQB1*03:21', 'DQB1*03:19'], ['DQB1*05:02']]		2	[['DQB1*05:02'], ['DQB1*03:01']]	0	[['DQB1*05:02'], ['DQB1*03:01']]	0		2	2	92.13	EAS	['DQB1*03:01', 'DQB1*05:02']
HG00592	[['DQB1*02:04', 'DQB1*02:02', 'DQB1*02:01'], ['DQB1*02:04', 'DQB1*02:02', 'DQB1*02:01']]	[['DQB1*02:01'], ['DQB1*02:01']]	0	[['DQB1*02:01'], ['DQB1*02:01']]	0	[['DQB1*02:02'], ['DQB1*02:01']]	0	[['DQB1*02:01'], ['DQB1*02:02']]	0	2	62.11	EAS	['DQB1*02:01', 'DQB1*02:01']
HG00593	[['DQB1*03:02'], ['DQB1*06:02']]	[['DQB1*06:139'], ['DQB1*06:02']]	1	[['DQB1*06:02'], ['DQB1*03:02']]	0	[['DQB1*06:02'], ['DQB1*03:02']]	0	[['DQB1*03:02'], ['DQB1*06:02']]	0	3	68.77	EAS	['DQB1*03:02', 'DQB1*06:02']
HG00595	[['DQB1*03:03'], ['DQB1*03:01', 'DQB1*03:22', 'DQB1*03:09', 'DQB1*03:24', 'DQB1*03:21', 'DQB1*03:19']]	[['DQB1*03:03'], ['DQB1*03:01']]	0	[['DQB1*03:01'], ['DQB1*03:03']]	0	[['DQB1*03:03'], ['DQB1*03:01']]	0	[['DQB1*03:01'], ['DQB1*03:03']]	0	2	70.55	EAS	['DQB1*03:03', 'DQB1*03:01']
HG00596	[['DQB1*03:03'], ['DQB1*03:01', 'DQB1*03:22', 'DQB1*03:09', 'DQB1*03:24', 'DQB1*03:21', 'DQB1*03:19']]	[['DQB1*03:03'], ['DQB1*03:01']]	0	[['DQB1*03:03'], ['DQB1*03:01']]	0	[['DQB1*03:03'], ['DQB1*03:96']]	1	[['DQB1*03:01'], ['DQB1*03:03']]	0	3	62.31	EAS	['DQB1*03:03', 'DQB1*03:01']
HG00607	[['DQB1*06:01'], ['DQB1*06:02']]		2	[['DQB1*06:01'], ['DQB1*06:82']]	1	[['DQB1*06:108'], ['DQB1*06:01']]	1		2	4	92.78	EAS	['DQB1*06:01', 'DQB1*06:02']
HG00608	[['DQB1*03:03'], ['DQB1*03:01', 'DQB1*03:22', 'DQB1*03:09', 'DQB1*03:24', 'DQB1*03:21', 'DQB1*03:19']]		2	[['DQB1*03:01'], ['DQB1*03:03']]	0	[['DQB1*03:03'], ['DQB1*03:01']]	0		2	2	94.02	EAS	['DQB1*03:03', 'DQB1*03:01']
HG00610	[['DQB1*03:01', 'DQB1*03:22', 'DQB1*03:09', 'DQB1*03:24', 'DQB1*03:21', 'DQB1*03:19'], ['DQB1*03:01', 'DQB1*03:22', 'DQB1*03:09', 'DQB1*03:24', 'DQB1*03:21', 'DQB1*03:19']]		2	[['DQB1*03:01'], ['DQB1*03:01']]	0	[['DQB1*03:01'], ['DQB1*03:01']]	0	[['DQB1*03:01'], ['DQB1*03:01']]	0	4	75.09	EAS	['DQB1*03:01', 'DQB1*03:01']
HG00611	[['DQB1*03:01', 'DQB1*03:22', 'DQB1*03:09', 'DQB1*03:24', 'DQB1*03:21', 'DQB1*03:19'], ['DQB1*04:01']]	[['DQB1*03:01'], ['DQB1*04:02']]	1	[['DQB1*04:01'], ['DQB1*03:01']]	0	[['DQB1*03:01'], ['DQB1*04:01']]	0		2	1	58.56	EAS	['DQB1*03:01', 'DQB1*04:01']
HG00613	[['DQB1*03:03'], ['DQB1*03:03']]		2	[['DQB1*03:03'], ['DQB1*03:03']]	0	[['DQB1*03:03'], ['DQB1*03:03']]	0		2	2	101.82	EAS	['DQB1*03:03', 'DQB1*03:03']
HG00614	[['DQB1*03:01', 'DQB1*03:22', 'DQB1*03:09', 'DQB1*03:24', 'DQB1*03:21', 'DQB1*03:19'], ['DQB1*04:01']]		2	[['DQB1*04:01'], ['DQB1*03:147']]	1	[['DQB1*04:01'], ['DQB1*03:91']]	1		2	4	78.48	EAS	['DQB1*03:01', 'DQB1*04:01']
HG00619	[['DQB1*03:03'], ['DQB1*05:03']]	[['DQB1*03:17'], ['DQB1*05:03']]	1	[['DQB1*05:03'], ['DQB1*03:03']]	0	[['DQB1*03:03'], ['DQB1*05:03']]	0		2	1	104.78	EAS	['DQB1*03:03', 'DQB1*05:03']
HG00620	[['DQB1*03:01', 'DQB1*03:22', 'DQB1*03:09', 'DQB1*03:24', 'DQB1*03:21', 'DQB1*03:19'], ['DQB1*03:01', 'DQB1*03:22', 'DQB1*03:09', 'DQB1*03:24', 'DQB1*03:21', 'DQB1*03:19']]		2	[['DQB1*03:118'], ['DQB1*03:01']]	1	[['DQB1*03:01'], ['DQB1*03:01']]	0		2	3	94.71	EAS	['DQB1*03:01', 'DQB1*03:01']
HG00625	[['DQB1*03:02'], ['DQB1*06:02']]	[['DQB1*06:139'], ['DQB1*06:02']]	1	[['DQB1*06:02'], ['DQB1*03:23']]	1	[['DQB1*06:02'], ['DQB1*06:02']]	1		2	3	57.51	EAS	['DQB1*03:02', 'DQB1*06:02']
HG00626	[['DQB1*03:02'], ['DQB1*06:02']]	[['DQB1*06:02'], ['DQB1*03:02']]	0	[['DQB1*06:02'], ['DQB1*03:02']]	0	[['DQB1*06:02'], ['DQB1*03:02']]	0		2	0	72.55	EAS	['DQB1*03:02', 'DQB1*06:02']
HG00628	[['DQB1*02:04', 'DQB1*02:02', 'DQB1*02:01'], ['DQB1*06:01']]	[['DQB1*02:01'], ['DQB1*06:01']]	0	[['DQB1*06:01'], ['DQB1*02:01']]	0	[['DQB1*06:01'], ['DQB1*02:12']]	1		2	1	54.65	EAS	['DQB1*02:01', 'DQB1*06:01']
HG00629	[['DQB1*03:01', 'DQB1*03:22', 'DQB1*03:09', 'DQB1*03:24', 'DQB1*03:21', 'DQB1*03:19'], ['DQB1*06:01']]	[['DQB1*03:01'], ['DQB1*06:01']]	0	[['DQB1*06:01'], ['DQB1*03:01']]	0	[['DQB1*06:01'], ['DQB1*06:01']]	1	[['DQB1*06:01'], ['DQB1*06:01']]	1	2	81.12	EAS	['DQB1*03:01', 'DQB1*06:01']
HG00634	[['DQB1*03:03'], ['DQB1*06:01']]	[['DQB1*03:03'], ['DQB1*06:01']]	0	[['DQB1*06:01'], ['DQB1*03:03']]	0	[['DQB1*06:01'], ['DQB1*03:03']]	0		2	0	69.4	EAS	['DQB1*03:03', 'DQB1*06:01']
HG00635	[['DQB1*03:01', 'DQB1*03:22', 'DQB1*03:09', 'DQB1*03:24', 'DQB1*03:21', 'DQB1*03:19'], ['DQB1*06:02']]	[['DQB1*06:139'], ['DQB1*06:02']]	1	[['DQB1*06:02'], ['DQB1*03:01']]	0	[['DQB1*06:02'], ['DQB1*06:02']]	1		2	2	56.33	EAS	['DQB1*03:01', 'DQB1*06:02']
HG00650	[['DQB1*03:01', 'DQB1*03:22', 'DQB1*03:09', 'DQB1*03:24', 'DQB1*03:21', 'DQB1*03:19'], ['DQB1*03:01', 'DQB1*03:22', 'DQB1*03:09', 'DQB1*03:24', 'DQB1*03:21', 'DQB1*03:19']]		2	[['DQB1*03:01'], ['DQB1*03:01']]	0	[['DQB1*03:01'], ['DQB1*03:10']]	1		2	3	97.4	EAS	['DQB1*03:01', 'DQB1*03:01']
HG00651	[['DQB1*03:02'], ['DQB1*06:01']]		2	[['DQB1*06:01'], ['DQB1*03:02']]	0	[['DQB1*03:02'], ['DQB1*06:01']]	0		2	2	97.49	EAS	['DQB1*03:02', 'DQB1*06:01']
HG00653	[['DQB1*02:04', 'DQB1*02:02', 'DQB1*02:01'], ['DQB1*06:01']]	[['DQB1*02:01'], ['DQB1*02:47']]	1	[['DQB1*02:01'], ['DQB1*06:01']]	0	[['DQB1*06:01'], ['DQB1*06:01']]	1		2	2	100.75	EAS	['DQB1*02:01', 'DQB1*06:01']
HG00654	[['DQB1*06:01'], ['DQB1*06:02']]	[['DQB1*06:182'], ['DQB1*06:01']]	1	[['DQB1*06:01'], ['DQB1*06:02']]	0	[['DQB1*06:01'], ['DQB1*06:182']]	1		2	2	105.84	EAS	['DQB1*06:01', 'DQB1*06:02']
HG00656	[['DQB1*05:02'], ['DQB1*06:01']]	[['DQB1*05:02'], ['DQB1*06:01']]	0	[['DQB1*06:01'], ['DQB1*05:02']]	0	[['DQB1*06:01'], ['DQB1*06:01']]	1	[['DQB1*05:09'], ['DQB1*05:09']]	2	1	104.91	EAS	['DQB1*05:02', 'DQB1*06:01']
HG00657	[['DQB1*03:03'], ['DQB1*05:03']]		2	[['DQB1*05:03'], ['DQB1*03:03']]	0	[['DQB1*03:03'], ['DQB1*05:03']]	0		2	2	107.16	EAS	['DQB1*03:03', 'DQB1*05:03']
HG00662	[['DQB1*03:03'], ['DQB1*06:02']]		2	[['DQB1*03:03'], ['DQB1*06:02']]	0	[['DQB1*03:96'], ['DQB1*06:02']]	1		2	3	91.32	EAS	['DQB1*03:03', 'DQB1*06:02']
HG00663	[['DQB1*04:01'], ['DQB1*05:02']]	[['DQB1*04:01'], ['DQB1*04:01']]	1	[['DQB1*04:01'], ['DQB1*05:02']]	0	[['DQB1*05:02'], ['DQB1*04:01']]	0		2	1	82.38	EAS	['DQB1*04:01', 'DQB1*05:02']
HG00671	[['DQB1*03:01', 'DQB1*03:22', 'DQB1*03:09', 'DQB1*03:24', 'DQB1*03:21', 'DQB1*03:19'], ['DQB1*03:01', 'DQB1*03:22', 'DQB1*03:09', 'DQB1*03:24', 'DQB1*03:21', 'DQB1*03:19']]		2	[['DQB1*03:159'], ['DQB1*03:120']]	2	[['DQB1*03:01'], ['DQB1*03:01']]	0		2	4	73.19	EAS	['DQB1*03:01', 'DQB1*03:01']
HG00672	[['DQB1*06:01'], ['DQB1*06:01']]		2	[['DQB1*06:01'], ['DQB1*06:01']]	0	[['DQB1*06:01'], ['DQB1*06:01']]	0		2	2	81.08	EAS	['DQB1*06:01', 'DQB1*06:01']
HG00683	[['DQB1*03:03'], ['DQB1*03:01', 'DQB1*03:22', 'DQB1*03:09', 'DQB1*03:24', 'DQB1*03:21', 'DQB1*03:19']]		2	[['DQB1*03:03'], ['DQB1*03:01']]	0	[['DQB1*03:03'], ['DQB1*03:94']]	1		2	3	97.52	EAS	['DQB1*03:03', 'DQB1*03:01']
HG00684	[['DQB1*06:01'], ['DQB1*06:01']]	[['DQB1*06:01'], ['DQB1*06:01']]	0	[['DQB1*06:01'], ['DQB1*06:01']]	0	[['DQB1*06:01'], ['DQB1*06:01']]	0		2	0	104.83	EAS	['DQB1*06:01', 'DQB1*06:01']
HG00689	[['DQB1*03:03'], ['DQB1*04:02']]		2	[['DQB1*04:01'], ['DQB1*03:03']]	1	[['DQB1*04:01'], ['DQB1*04:02']]	1		2	4	86.52	EAS	['DQB1*03:03', 'DQB1*04:02']
HG00690	[['DQB1*03:02'], ['DQB1*05:02']]	[['DQB1*05:02'], ['DQB1*03:02']]	0	[['DQB1*03:02'], ['DQB1*05:02']]	0	[['DQB1*03:02'], ['DQB1*05:02']]	0		2	0	90.78	EAS	['DQB1*03:02', 'DQB1*05:02']
HG00692	[['DQB1*03:02'], ['DQB1*03:01', 'DQB1*03:22', 'DQB1*03:09', 'DQB1*03:24', 'DQB1*03:21', 'DQB1*03:19']]		2	[['DQB1*03:02'], ['DQB1*03:119']]	1	[['DQB1*03:02'], ['DQB1*03:16']]	1		2	4	100.27	EAS	['DQB1*03:02', 'DQB1*03:01']
HG00693	[['DQB1*03:01', 'DQB1*03:22', 'DQB1*03:09', 'DQB1*03:24', 'DQB1*03:21', 'DQB1*03:19'], ['DQB1*06:01']]		2	[['DQB1*06:01'], ['DQB1*03:13']]	1	[['DQB1*03:16'], ['DQB1*03:197']]	2		2	5	95.6	EAS	['DQB1*03:01', 'DQB1*06:01']
HG00698	[['DQB1*05:02'], ['DQB1*06:03']]		2	[['DQB1*05:02'], ['DQB1*06:03']]	0	[['DQB1*05:02'], ['DQB1*05:106']]	1		2	3	92.13	EAS	['DQB1*05:02', 'DQB1*06:03']
HG00699	[['DQB1*02:04', 'DQB1*02:02', 'DQB1*02:01'], ['DQB1*05:02']]	[['DQB1*05:02'], ['DQB1*02:01']]	0	[['DQB1*02:01'], ['DQB1*05:02']]	0	[['DQB1*05:02'], ['DQB1*02:01']]	0		2	0	101.93	EAS	['DQB1*02:01', 'DQB1*05:02']
HG00701	[['DQB1*03:03'], ['DQB1*06:01']]		2	[['DQB1*06:01'], ['DQB1*03:03']]	0	[['DQB1*06:01'], ['DQB1*03:03']]	0		2	2	91.09	EAS	['DQB1*03:03', 'DQB1*06:01']
HG00702	[['DQB1*03:03'], ['DQB1*05:02']]	[['DQB1*06:66'], ['DQB1*06:139']]	2	[['DQB1*05:86'], ['DQB1*03:03']]	1	[['DQB1*05:02'], ['DQB1*05:02']]	1		2	4	88.96	EAS	['DQB1*03:03', 'DQB1*05:02']
HG00704	[['DQB1*05:02'], ['DQB1*06:01']]	[['DQB1*05:116'], ['DQB1*06:153']]	2	[['DQB1*06:01'], ['DQB1*05:02']]	0	[['DQB1*06:01'], ['DQB1*06:01']]	1		2	3	105.82	EAS	['DQB1*05:02', 'DQB1*06:01']
HG00705	[['DQB1*05:03'], ['DQB1*06:02']]	[['DQB1*05:03'], ['DQB1*06:146']]	1	[['DQB1*05:03'], ['DQB1*06:02']]	0	[['DQB1*06:02'], ['DQB1*06:115']]	1		2	2	99.01	EAS	['DQB1*05:03', 'DQB1*06:02']
HG00707	[['DQB1*05:02'], ['DQB1*05:03']]		2	[['DQB1*05:02'], ['DQB1*05:03']]	0	[['DQB1*05:03'], ['DQB1*05:02']]	0	[['DQB1*05:02'], ['DQB1*05:02']]	1	3	97.07	EAS	['DQB1*05:02', 'DQB1*05:03']
HG00708	[['DQB1*03:03'], ['DQB1*03:03']]		2	[['DQB1*03:03'], ['DQB1*03:63']]	1	[['DQB1*03:02'], ['DQB1*03:02']]	2		2	5	97.48	EAS	['DQB1*03:03', 'DQB1*03:03']
HG01872	[['DQB1*03:01'], ['DQB1*06:01']]	[['DQB1*03:01'], ['DQB1*06:01']]	0	[['DQB1*03:01'], ['DQB1*06:01']]	0	[['DQB1*06:01'], ['DQB1*03:01']]	0	[['DQB1*03:01'], ['DQB1*06:01']]	0	2	280.99	EAS	['DQB1*03:01', 'DQB1*06:01']
HG01873	[['DQB1*04:02'], ['DQB1*05:03']]	[['DQB1*05:03'], ['DQB1*04:02']]	0	[['DQB1*04:02'], ['DQB1*05:03']]	0	[['DQB1*05:03'], ['DQB1*04:02']]	0		2	0	305.59	EAS	['DQB1*04:02', 'DQB1*05:03']
HG02057	[['DQB1*03:01'], ['DQB1*03:01']]	[['DQB1*03:01'], ['DQB1*03:01']]	0	[['DQB1*03:01'], ['DQB1*03:01']]	0	[['DQB1*03:01'], ['DQB1*03:01']]	0	[['DQB1*03:01'], ['DQB1*03:01']]	0	2	262.76	EAS	['DQB1*03:01', 'DQB1*03:01']
